user_id,name,email,age,city
U00001,Mr. James Holt,vmullins@example.com,38,Chaseburgh
U00002,Jose Schultz,aberg@example.org,50,Port Michael
U00003,Bruce Banks,kduncan@example.com,35,North Monique
U00004,Andrea Austin,jayyang@example.net,35,Port Leahbury
U00005,Jacqueline Baker,weberjessica@example.com,51,Roymouth
U00006,Steven Villarreal,perezjoshua@example.com,45,New Joseph
U00007,Olivia Wang,oconnorlinda@example.com,34,Hortonmouth
U00008,Sarah Morales,knightcourtney@example.net,26,Port Ashley
U00009,Adam Lopez,sherry39@example.com,51,Palmerstad
U00010,Angela Klein,zponce@example.com,39,West Rachel
U00011,Ernest Nguyen,michelle48@example.org,48,Lake Ashley
U00012,Sarah Robinson,twilliams@example.org,43,Garretttown
U00013,Carolyn Sullivan,hbenton@example.com,52,West Darlene
U00014,Lisa Richardson,thomasreyes@example.org,34,Yangstad
U00015,Brandon Hanna,scott67@example.net,32,Rebeccaton
U00016,William Chavez,elawrence@example.com,19,Bensonshire
U00017,Jordan Hendricks,powellcasey@example.org,38,Duncanfurt
U00018,Rebecca Hancock,richardmcclain@example.com,51,Turnerchester
U00019,Thomas Wright,rhonda98@example.org,18,Maryhaven
U00020,Spencer Warren,angel90@example.com,27,West James
U00021,Michelle Martinez,michaeltaylor@example.org,32,Cruzborough
U00022,Jason Green,omayo@example.org,29,Adamsborough
U00023,Dr. Rebecca Ramirez,michellewilliams@example.org,58,North Jasonberg
U00024,Megan Rogers,onorris@example.com,35,Laurieton
U00025,Jonathan Burke,evansrobert@example.net,54,Rebeccaview
U00026,Danny Brown,scott03@example.org,53,New James
U00027,Amy Cole,john32@example.org,26,Michaelhaven
U00028,Christopher Thomas,sheila68@example.net,45,Sherylbury
U00029,Tyler Kennedy,robert64@example.org,57,Lake Michaeltown
U00030,Brandon Golden,ryanarnold@example.com,55,Stevenberg
U00031,Cathy Williams,robert01@example.com,22,Port Debrashire
U00032,James Chandler,allison57@example.org,44,Singhborough
U00033,Michelle Johnson,coryalvarez@example.org,22,South Patrickmouth
U00034,Carrie Thompson,mirandadanielle@example.org,22,Port Melissa
U00035,Oscar Cabrera,sanchezlori@example.com,60,New Monica
U00036,Rhonda Jackson,dianaalvarez@example.com,43,New Patrickmouth
U00037,Ryan Parker,chrisroberson@example.net,36,East Peter
U00038,Steven Grant,etaylor@example.net,57,East Christina
U00039,Michael Farley,zhughes@example.com,35,Robinberg
U00040,Jason Griffith,stephenhutchinson@example.com,52,Aaronbury
U00041,Amy Carpenter,baldwintiffany@example.com,32,North Thomas
U00042,Tanya Simmons,sdaniel@example.org,32,Jenniferstad
U00043,Jordan Adams,kimberlytodd@example.org,21,Stephenside
U00044,Michelle Rodriguez,chendricks@example.net,38,Port Keithfurt
U00045,Dr. William Ramsey,vanderson@example.org,41,Lake Davidport
U00046,Lisa Daniel,antonio30@example.org,46,West Vincentville
U00047,Daniel Kelly,imartinez@example.org,22,North Nancy
U00048,Matthew Young,michael57@example.com,19,East Kelseyshire
U00049,Aaron Mitchell,kimberly64@example.com,37,Kennedyfort
U00050,Maurice Robinson,oharris@example.net,26,South Lesliechester
U00051,Joseph Lynn,elizabeth57@example.net,48,North David
U00052,Mary Schneider,eric97@example.com,35,Underwoodtown
U00053,Dean Sawyer,josecarson@example.net,55,Jonesland
U00054,Tammy Young,kimberlyfoster@example.net,43,New Sherry
U00055,Elizabeth Martin,judith10@example.org,34,Lake Jasonfurt
U00056,David Brock,richardnguyen@example.com,57,Garrettport
U00057,Jessica Morris,hicksamanda@example.com,37,Jonesshire
U00058,Daniel Chambers,austinjeremy@example.net,25,Alvaradoport
U00059,Ashley Hardin,kochstephen@example.net,48,Jerrychester
U00060,Audrey Hendrix,ernest24@example.net,45,New Veronica
U00061,Deborah Stewart,ifranklin@example.org,30,Avilaburgh
U00062,Monica Tran,patelchristopher@example.com,42,Carolinemouth
U00063,Ashley Blake,kennedysarah@example.org,25,East Valerie
U00064,Melinda Johnson MD,ubryant@example.org,34,Matthewfort
U00065,Michelle Cox,mercedes00@example.net,28,New Tamaraborough
U00066,Jordan Dean,beardbradley@example.org,51,Romanview
U00067,Zachary Foster,nicole11@example.net,45,Bensontown
U00068,Jill Lewis,myersaaron@example.org,34,Mariaside
U00069,Angela Weaver,walterslogan@example.org,45,West Nicole
U00070,Mallory Whitney,reeseisaac@example.net,22,Andradebury
U00071,Andrea Barber,acase@example.org,42,Flowersstad
U00072,Jennifer Baker,oscott@example.com,19,Williamston
U00073,Raymond Wallace,lauramcbride@example.com,42,Port Kyle
U00074,Catherine Carroll,robertbarnes@example.net,59,Paulatown
U00075,John Miller,james89@example.com,51,West Sharon
U00076,Jessica Barber,greenbrian@example.net,22,Jamesberg
U00077,Jessica Roberson,fchen@example.com,25,Michaelborough
U00078,Thomas Lopez,michael17@example.net,33,North Catherinetown
U00079,Michael Smith,shannon14@example.org,45,Richfurt
U00080,Michelle Morris,holmeslinda@example.com,54,Ricechester
U00081,Danielle Roberts,kathleengreen@example.org,36,Claireshire
U00082,Elizabeth Johnson,wthomas@example.com,22,Port Maryport
U00083,Gary Williams,melissa65@example.org,19,Elizabethtown
U00084,Audrey Keith,matthew49@example.net,27,Lake Markport
U00085,Janet Coleman,karina58@example.net,43,Richardsonfort
U00086,Joseph Larson,anneforbes@example.org,48,Port Jessica
U00087,Michelle Morales,sweeneytravis@example.com,18,Tracifort
U00088,Eric Scott,ryanbennett@example.net,36,New Calebport
U00089,Bianca Smith,ryan22@example.org,34,South Angela
U00090,Ana Allen,rchan@example.org,50,Port Nathanton
U00091,Christopher Pacheco,williamsmary@example.com,51,West Robertmouth
U00092,Charles Burns,petersonmichael@example.net,19,Fosterchester
U00093,Melissa Jackson,hodgecharles@example.com,45,East Teresa
U00094,Danielle Oliver,ismith@example.com,39,West Danielleshire
U00095,Cathy Roach,otorres@example.net,38,Michealmouth
U00096,Austin Martinez,valeriealexander@example.net,45,New Dustin
U00097,James Howard,alindsey@example.net,56,Brownmouth
U00098,Ann Murphy,eric57@example.com,45,East John
U00099,Alex Sanford,christine19@example.com,48,Port Angelatown
U00100,Mrs. Patricia Parks,crystal42@example.com,57,Martinezshire
U00101,Stanley Garrison,vmiranda@example.net,52,New Mariaton
U00102,Susan Kerr,april68@example.net,52,New Shane
U00103,Sherri Fitzgerald,robertstevens@example.com,35,East Ricky
U00104,Eric Allen,wilsonkaren@example.net,41,West Grantbury
U00105,Carlos Goodman,cowen@example.org,43,New Deborah
U00106,Heather Willis,jcarlson@example.org,33,Hughesbury
U00107,Thomas Bailey,jramos@example.org,49,Timothybury
U00108,Angela Vincent,james81@example.org,18,Lake Rebecca
U00109,Mrs. Gail Wilcox,marcus75@example.net,58,Lake Holly
U00110,Patrick Brooks,ryansosa@example.com,46,East Randyborough
U00111,Melissa Gilbert,adamroberts@example.net,53,Cookburgh
U00112,Robert Stephens,hhernandez@example.org,46,Port Timothyburgh
U00113,Stephen Moore,lisa21@example.org,44,Richardsmouth
U00114,Ronald Deleon,wclements@example.org,36,Kristinside
U00115,Jasmine Dickson,huntrussell@example.org,43,Williamhaven
U00116,Mr. Todd Daniels MD,wangheidi@example.net,49,Port Becky
U00117,Edward Brown,rachel86@example.net,29,North Gregory
U00118,Jason Brown,davidshields@example.com,43,New Kimberly
U00119,Henry Williamson,qbanks@example.com,45,New Christopherton
U00120,Lance Bartlett,andrewsjaime@example.org,37,Lake Jenniferfurt
U00121,Tyler Jordan,lindseysalazar@example.com,44,New Wendyville
U00122,Crystal Ewing,julia32@example.org,22,East Christine
U00123,Teresa Hill,iclark@example.org,56,North Katherine
U00124,Scott Wyatt,blackaustin@example.org,21,Marksborough
U00125,Tracey Douglas,umosley@example.net,22,Lake Kelly
U00126,Mary Alvarez,kristinaweaver@example.com,31,Warnertown
U00127,Christine Lopez,erin44@example.org,39,East Stacymouth
U00128,Sonia Allen,patrick81@example.com,35,Lisaland
U00129,Charles Perez,wangkeith@example.com,57,New Heather
U00130,Steven Vasquez,jasonwright@example.net,27,Ashleyland
U00131,Edward Roman,brian98@example.com,45,Lake Carriehaven
U00132,Matthew Lin,misty82@example.net,54,East Zachary
U00133,Jeffrey Reed,timothy64@example.com,52,Katiebury
U00134,Austin Woods,michelle98@example.com,29,West Sean
U00135,Francis Lee,sarahhenry@example.net,26,Guzmanmouth
U00136,Antonio Lin,ashley75@example.org,41,Rhondashire
U00137,Jacqueline Padilla,wrivera@example.org,51,Palmerfort
U00138,Stephanie Hernandez,langwayne@example.net,52,Jasonview
U00139,Timothy Anderson,deannaadams@example.org,34,Patriciafurt
U00140,Danny Kramer,randy81@example.com,42,Josephside
U00141,Steven Schneider,timothy68@example.net,24,Brooksberg
U00142,Keith Boone,murrayrachel@example.org,59,Marissafurt
U00143,Eric Henderson,castillolisa@example.net,60,New Johnny
U00144,Anthony Gordon,doliver@example.com,46,West Dustin
U00145,Christopher Bush MD,kyoung@example.net,21,Carterview
U00146,Robert Sanders,michaelcastro@example.net,57,North Sarah
U00147,Keith Sullivan,mikeharvey@example.net,40,Haroldstad
U00148,Kimberly Baker,ebrooks@example.com,45,Port Lucasside
U00149,Todd Zhang,kimberly51@example.net,21,Lake Danielchester
U00150,James Skinner,hlane@example.org,24,Doylechester
U00151,Richard Davidson,catherine10@example.org,44,Michaelland
U00152,Christian Dixon,sethsmith@example.net,26,Sarahville
U00153,Mrs. Carla Phelps,cwiley@example.org,30,Johnsonmouth
U00154,Kelly Gonzalez,colesamantha@example.com,39,Wernerfort
U00155,Vincent Horton,matthewmarshall@example.com,18,North Teresaton
U00156,Jennifer Foster,mcknightann@example.org,43,West Katherineshire
U00157,Julie Cameron,rcline@example.com,60,Peterville
U00158,Tiffany Miller,robertvazquez@example.org,57,Riceville
U00159,Debra Trevino,jamesjackson@example.net,34,Samueltown
U00160,Steve Morrow,sheilamorrison@example.org,51,Stevenmouth
U00161,Omar Wood,sophiacastillo@example.org,54,East Jonathonstad
U00162,Gregory Simmons,brian16@example.org,31,North Brianton
U00163,Eric Miles,newtonmegan@example.com,37,North Richardport
U00164,Melissa Wheeler,jacqueline37@example.com,47,Melindamouth
U00165,Robert Grant,sbrown@example.com,23,Jamesberg
U00166,Jacqueline Nichols,jeffrey06@example.org,52,North Mary
U00167,Raymond Williams,wendysmith@example.org,48,Allenhaven
U00168,Gloria Keller,kbrown@example.net,59,South Jason
U00169,Trevor Rodriguez,ashleymills@example.net,42,Lake Lori
U00170,Miss Kelly Lewis MD,jjones@example.org,19,Lake Kathyshire
U00171,Wendy Hamilton,walkercollin@example.com,58,Gregoryview
U00172,Michelle Perez,ferrellcolleen@example.net,26,Lake Robertbury
U00173,Misty Rogers,gonzalezmonica@example.org,60,Lake Erinton
U00174,Dana Pratt,morgan52@example.org,30,South Leeville
U00175,Jonathan Jones,jamie61@example.com,37,Davidville
U00176,Phillip Leonard,teresamueller@example.net,20,Lunahaven
U00177,Stephanie Stewart DDS,katherinekirby@example.net,18,North Caroline
U00178,Rachel Edwards,jenniferhenry@example.com,19,North Samuelmouth
U00179,Kendra Smith,juliavance@example.net,34,Barreraview
U00180,John Hicks,katie75@example.org,29,North Bill
U00181,Danielle Rodriguez,kathleen39@example.org,58,Curtisville
U00182,Brian Obrien,jrodriguez@example.net,27,Lake Heather
U00183,Laura Palmer,amylindsey@example.com,30,New Kristine
U00184,Donna Wells,johnsontiffany@example.com,19,North Kevin
U00185,Matthew Evans,rturner@example.org,42,Timothyborough
U00186,Loretta Hernandez,kimberly32@example.org,30,Jacobmouth
U00187,Martin Tran,nbeltran@example.org,48,Simmonschester
U00188,Ryan Carter,ysummers@example.org,38,South Randall
U00189,Brian Curry,juan48@example.com,38,Austinshire
U00190,Jennifer Jones,wilsonthomas@example.org,54,East Sandrafort
U00191,Rebecca Moss,cisnerosdaniel@example.org,23,Thompsonton
U00192,Mitchell Moore,daytrevor@example.org,55,Jennyberg
U00193,Joseph Robinson,ekrueger@example.net,32,North Peterside
U00194,Patricia Wang,timothy97@example.org,43,Vanessaside
U00195,Robert Fox,alicemendoza@example.com,53,West Betty
U00196,Mary Brock,karanorris@example.org,23,Amandaton
U00197,Kimberly Bishop,nathanielhill@example.org,42,New Jenniferfurt
U00198,Mark Parsons,leah02@example.org,36,Matthewbury
U00199,Alison Mccoy,rwilson@example.com,36,East Angela
U00200,Alex Howe,alicia14@example.com,32,East Michaelfurt
U00201,Julia Robinson,gphillips@example.org,29,Kevinmouth
U00202,Michael Charles,masseyperry@example.com,51,North Johnville
U00203,Chad Cobb,marissa98@example.net,27,North Markshire
U00204,Jesus Mckee,dmontgomery@example.net,27,Moorestad
U00205,Wanda Avila,garrett23@example.net,31,Lake Kimfurt
U00206,Thomas Valdez,rachelmoore@example.net,52,New Nicholashaven
U00207,Justin Foster,briansmith@example.net,60,Chaveztown
U00208,Jake Romero,calvin10@example.net,38,Tranchester
U00209,Jonathan Cervantes,holly28@example.org,19,Devinmouth
U00210,Kathryn Vaughan,patrick47@example.org,39,Kyleborough
U00211,Helen Strickland,christopher12@example.net,27,Danielleland
U00212,Valerie Welch,hamptonderrick@example.com,20,Meganton
U00213,Eric Patel,kelseybarr@example.com,40,East Sara
U00214,Robert Clark,natalie86@example.org,47,Jenningsberg
U00215,Daniel Castro,jonathan40@example.com,42,Williamschester
U00216,Carla Owens,dandrews@example.net,50,East Betty
U00217,Christopher Schwartz,smithvictoria@example.org,48,Tylerberg
U00218,Alicia Harvey,darius48@example.net,57,North Jennifer
U00219,Mitchell Parks,wsalas@example.org,42,East Erik
U00220,Mrs. Kristin Luna,morrisonjohn@example.com,38,Port Davidton
U00221,Edward Jordan,prhodes@example.com,39,West Alexis
U00222,Ms. Erin Mclean,sally95@example.net,59,New Maryshire
U00223,Nicole Forbes,juliestewart@example.org,52,Kennethberg
U00224,Linda Hopkins,paul73@example.com,32,Lake Donald
U00225,Victoria Dixon,craigtaylor@example.net,54,Christopherville
U00226,Timothy Carter,markcuevas@example.org,39,Annaland
U00227,Terry Smith,kristinasalas@example.org,49,West Tiffanyfort
U00228,Ronald Hawkins,rogerkelley@example.com,51,Port Josephbury
U00229,Isaac Watson,ifrank@example.net,19,South Jacobbury
U00230,Benjamin Anderson,katherinecook@example.net,50,Timothyville
U00231,Joann Ortega,stewarttimothy@example.org,20,Santiagostad
U00232,Brandon Warren,james11@example.net,52,Bryanthaven
U00233,Jesus Salazar,dperez@example.net,31,Gomezberg
U00234,Scott Cannon,paul61@example.org,23,North Tammie
U00235,Kyle Schwartz,lisa49@example.com,33,South Thomasbury
U00236,Chad Robinson,leebrandon@example.com,51,Greenshire
U00237,Scott Edwards,richardarmstrong@example.net,54,Sandovalborough
U00238,George Rice,jeffrey25@example.com,44,Cortezfurt
U00239,Joshua Gray,karengray@example.net,49,Adammouth
U00240,Henry Navarro,watsondavid@example.net,46,Austinport
U00241,Christopher Fields,pvazquez@example.net,50,Wilkersonstad
U00242,Kendra Moore,johnsonjanice@example.net,48,Davidbury
U00243,Laura Jennings,usmith@example.net,56,West Anthonyville
U00244,Casey Carlson,nboyd@example.com,56,Ewingview
U00245,Charles Jones,justinmorris@example.com,54,Markside
U00246,Rebecca Compton,jack14@example.net,33,North Robert
U00247,David Hill,jesseanderson@example.org,21,Port Bethany
U00248,Ashley Page,gregbarajas@example.org,49,Delgadoside
U00249,Thomas Lee,walkerjustin@example.org,20,New Johnfurt
U00250,Rebecca Lewis,lgreene@example.net,48,Tabithastad
U00251,Michael Salazar,meghanrichardson@example.com,54,Sandraport
U00252,Brian King,debra04@example.org,44,Elizabethhaven
U00253,Brittany Smith,josephlang@example.com,47,North Amber
U00254,Sarah Kim,andrelewis@example.com,23,Erinbury
U00255,Brittany Bradford,thomas45@example.com,21,East Zacharyfort
U00256,Robert Kennedy,dustin39@example.com,18,West Sarahbury
U00257,Brian Rice,jessica46@example.com,48,North Barbaraberg
U00258,Eric Hunt,hwalker@example.org,24,South Raymond
U00259,Mrs. Renee Campbell,hamiltonvanessa@example.com,23,Williamstown
U00260,Benjamin Solis,ashley73@example.com,50,East Roger
U00261,Donna Allen,boydrobin@example.com,46,Edwardshaven
U00262,William Mullins,nguyenjessica@example.org,51,Tonyaborough
U00263,Victoria Black,matthew44@example.net,55,Smithtown
U00264,Julie Duffy,cheryl52@example.com,19,East Joannstad
U00265,Ryan Burns,stacy71@example.com,42,Port Maria
U00266,Carrie Miller,xbennett@example.net,56,Ryanchester
U00267,Megan Bowers,jamesschmitt@example.org,51,Olsonland
U00268,Danielle Fisher,thomasbrown@example.com,58,Thomasfort
U00269,Lauren Alvarez,lauriegomez@example.com,24,Wardview
U00270,Carla Weeks,samanthadominguez@example.net,34,West Jonathanburgh
U00271,Christopher Clark,grahamaustin@example.net,34,West Raymondton
U00272,Eric Jennings,mharris@example.net,29,Marcland
U00273,Wendy Keller DVM,rcox@example.org,40,West Amy
U00274,Peter Sparks,blackkevin@example.com,43,Brandtborough
U00275,Stephen Cummings,ppowell@example.net,28,North Adam
U00276,Trevor Walker,brownhannah@example.org,36,North Brianfort
U00277,Jacob Myers,dianepena@example.net,52,West Brandonberg
U00278,Terry Vasquez,patrick88@example.org,57,East Kellyborough
U00279,Isabel Craig,john68@example.org,24,Lake Paige
U00280,Jessica Mack,kendracollins@example.org,25,Royborough
U00281,Dana Chandler,patriciaeverett@example.net,60,Brandiview
U00282,Natalie Edwards,carly38@example.org,27,South Anthonyfort
U00283,Emily Hodge,harrisjoel@example.net,38,West Oscarborough
U00284,Stacey Ortiz,tiffany35@example.com,36,South Charleshaven
U00285,Adrian Lane,leetyler@example.com,34,Edwardton
U00286,Tracy Stevens,kingallison@example.org,20,New Matthewbury
U00287,Robert Bell,williamwilson@example.com,35,Port Markbury
U00288,Lori Hernandez,xperez@example.com,27,West Bradley
U00289,Joseph Smith,phillip49@example.org,47,Nathanmouth
U00290,Natalie Manning,edwardfrey@example.net,34,West Ashleyside
U00291,Katherine Smith,sharonhall@example.net,30,Gabrielaland
U00292,Scott Jones,amy64@example.org,19,East John
U00293,Roger Rice,butlerkevin@example.org,58,Wagnerview
U00294,Joshua Wallace,btanner@example.org,33,North Brian
U00295,Brent Johnson,fmcclain@example.com,36,Cooktown
U00296,John Hammond,jamesfarmer@example.net,47,Johnsonfurt
U00297,Andrea Williams,otucker@example.com,18,West Brettton
U00298,Richard Foster,julie73@example.com,38,East Rebecca
U00299,Melinda Booth,glassgary@example.com,35,New James
U00300,Kristina Wheeler DDS,mwilliams@example.net,43,South Amanda
U00301,Kevin Wilson,kaitlynharvey@example.org,45,Lake Johnstad
U00302,Leonard Holmes,karen52@example.net,27,Robinstad
U00303,Kylie Jones,xpace@example.com,41,Port Susan
U00304,Spencer Cain,robersonjustin@example.net,28,Port Melissa
U00305,Larry Church,sheilacohen@example.com,46,Davischester
U00306,Daniel Lewis,michaeldennis@example.com,23,Brendafurt
U00307,Jonathan Rogers,jenkinsashley@example.org,26,Katelynville
U00308,Jose Powell,bryantkelly@example.net,34,Mistyburgh
U00309,Mark Garcia,brownmichael@example.org,60,Robertsmouth
U00310,Cynthia Powers,travis09@example.org,30,Port Wayne
U00311,Monique Hammond,sharon62@example.net,33,North John
U00312,Amy Wood,wilkinsonderrick@example.net,25,Jenningsmouth
U00313,Gregory Williams,tina22@example.org,40,New Melissa
U00314,Andrea Peterson,melissa94@example.net,36,North Peterville
U00315,Richard Kelley,jimmynichols@example.net,24,Robleston
U00316,Patrick Wright,nnguyen@example.org,20,Susanfort
U00317,Catherine Dixon,philipfarmer@example.net,30,Sandovalmouth
U00318,Stephanie Roy,vbrown@example.net,44,Port Andrew
U00319,Jennifer Romero,melanie77@example.org,46,West Sarahfort
U00320,Amanda Krueger,wking@example.com,25,Mcdanielbury
U00321,Jack Reyes,pdavis@example.net,22,Fletcherfort
U00322,Katherine Miller,adam16@example.org,30,North Karen
U00323,Curtis Bennett,vgreen@example.net,55,Lake Randy
U00324,Heather Rosario,brandon26@example.net,35,Bryanfurt
U00325,Amanda Jimenez,jessewilliams@example.org,40,West Meganmouth
U00326,Henry Bailey,pattersonhailey@example.com,26,Lake Janet
U00327,Vicki Arnold,obrienjenny@example.com,57,Williamsville
U00328,Shannon Mckee,benjamin27@example.org,47,Hubbardville
U00329,Ashley Oneal,allison33@example.org,55,North Mollystad
U00330,Andrea Stein,hernandezdonald@example.net,35,East Shaneside
U00331,Leslie Little,kthomas@example.net,18,Diazland
U00332,Chris Aguilar,sararodgers@example.com,43,South Randyberg
U00333,Julie Garcia,thompsonmelanie@example.net,34,Johnberg
U00334,Michele Lee,melinda65@example.org,36,Lake Mary
U00335,Bryan Coleman,ryanknox@example.net,45,West George
U00336,Victoria Reed,jenniferwarren@example.com,59,East Charles
U00337,Jared Forbes,steven36@example.net,44,East Jeffreyview
U00338,Kyle Mendoza,qhoward@example.org,37,Port Tinaport
U00339,Paige Carpenter,jackwest@example.com,19,Lake David
U00340,Jamie Ramos,lford@example.net,59,Estradaside
U00341,Brandy Russell,lrusso@example.org,55,Lake Charles
U00342,Jonathan Richard,carlos94@example.com,28,Sotoville
U00343,Alison Johnson,valerieallen@example.net,56,East Leahchester
U00344,Adam Day,thomascourtney@example.org,60,New David
U00345,Robert Atkinson,molinamark@example.org,60,Port Marissabury
U00346,Diane Powell,nolanrussell@example.com,22,East Raymond
U00347,Colin Gonzalez,halestephanie@example.com,24,Port Christinemouth
U00348,Nathaniel Rivera,susan71@example.net,56,Port Ashley
U00349,Jennifer Blair,hudsonchristopher@example.net,59,New Megantown
U00350,Brandi Brown,vickismith@example.org,55,East Joelside
U00351,Joseph Alvarez,webbsarah@example.net,56,East Michelle
U00352,Christopher Bailey,benjaminsmith@example.com,44,Moraleston
U00353,Jonathan Cardenas,hernandezchad@example.org,45,West Nicolefurt
U00354,Michael Taylor,rothscott@example.org,34,East Allisonview
U00355,Patrick Evans,ashleekane@example.net,34,Gomezborough
U00356,Jeffrey Allen,seanbaxter@example.com,50,South Edgarbury
U00357,Mark Lee,johnarnold@example.org,55,East Kirsten
U00358,Ariel Hahn,ostrickland@example.com,53,East Cynthia
U00359,Luis Mosley,brianrichards@example.com,58,North Omar
U00360,William Morrow,jasonhamilton@example.net,30,Lake Stephen
U00361,Bryan Adams,qvasquez@example.org,18,West Brian
U00362,Bryan Brown,xsilva@example.org,33,Mendozaburgh
U00363,Nancy Charles,hmacdonald@example.com,47,Ashleytown
U00364,Barbara Phillips,robertskevin@example.org,42,New Maryland
U00365,Steven Chen,destiny60@example.com,25,Port Amandamouth
U00366,Zoe Thompson,christine88@example.org,38,Jonesview
U00367,Whitney Davis,julieatkinson@example.com,35,Lake Tabithamouth
U00368,Edward Reese,duffyshelby@example.net,22,Rhodesland
U00369,Joshua Zavala,janderson@example.net,33,Johnsontown
U00370,Charles Bell,gregoryvilla@example.com,45,South Jason
U00371,Brittney Hoffman,baileycharles@example.net,29,Longberg
U00372,Janet Huffman,glassbrett@example.net,47,New Ronald
U00373,Ashley Hardy,joseph50@example.com,58,Port Mary
U00374,Christina Ferguson,renee90@example.net,33,Ortegachester
U00375,Melissa Chambers,knash@example.org,50,Rebeccastad
U00376,Dennis Dean,zmitchell@example.com,23,East Kimberly
U00377,Cynthia Pace,glennsmith@example.org,30,West Sarah
U00378,Paul Brown,jill57@example.org,18,Travisbury
U00379,Miguel Dalton,madisonfarrell@example.net,20,Lake Carol
U00380,Heather Gallagher,kgreen@example.org,21,New Joanna
U00381,Kayla Leon,fpeterson@example.net,52,Williamland
U00382,Eric Herrera,tryan@example.net,41,Garrisonborough
U00383,Phillip Baker,grosales@example.net,19,South Donald
U00384,Carolyn Skinner,gaytracy@example.net,23,North Angel
U00385,Cynthia Davis,kristinemorris@example.net,56,Alvarezfort
U00386,Mr. Gary Williams,caitlin38@example.org,45,North Jeffrey
U00387,Melissa Flores DVM,santosbrian@example.net,47,Lake Adamfurt
U00388,Brandy Jones,sjohnson@example.org,39,North Cassandra
U00389,Brian Carson,josephpham@example.com,30,Brianhaven
U00390,Stephen Brennan,cjohnson@example.net,50,Johnborough
U00391,Daryl Huff,terri18@example.org,29,Joshuamouth
U00392,Elizabeth Nguyen,iwilkerson@example.net,44,North Stevenfurt
U00393,Mr. Robert Williams,ddiaz@example.net,34,Amandastad
U00394,Thomas Johnson,qho@example.net,58,Joshuaside
U00395,Daniel Sanchez,russomatthew@example.org,40,South Roy
U00396,Daniel Hamilton,xsmith@example.com,30,Ryanside
U00397,Robert Moore,sullivandavid@example.com,43,New Danielhaven
U00398,Mr. Christopher Roberts,morrowbrian@example.com,38,Jennifermouth
U00399,Michael Garcia,patriciasmith@example.net,60,North Jaredville
U00400,Kenneth Price,lydiaking@example.org,53,South Michaelstad
U00401,Tricia Rose,burgessbarbara@example.org,20,Markmouth
U00402,Diane Bryant,jasmine95@example.org,48,Haleyview
U00403,Amanda Mooney,russelleric@example.net,45,Hornberg
U00404,Steven Vaughn,robertmartin@example.net,43,New Lorettamouth
U00405,Lisa White,adrienne30@example.org,44,Lake Natalie
U00406,Mr. Brad Owens,alexandervargas@example.net,20,Estradafurt
U00407,Jeffery Juarez,bjones@example.net,47,Noahside
U00408,Janice Singleton,sparksmariah@example.org,55,Tanyastad
U00409,Justin Porter,kaylablake@example.org,19,Jessicatown
U00410,Donald Hicks,knightcrystal@example.net,41,East Lindamouth
U00411,Kenneth Smith,jennifer23@example.org,22,Port Jasmin
U00412,Judy Anderson,charles88@example.net,43,Thompsonshire
U00413,Kelly Hunter,mcphersonbenjamin@example.net,34,Carlosshire
U00414,Richard Nunez,johnathan86@example.net,25,New Kristine
U00415,Steven Brown,williamschristian@example.com,51,Wrightmouth
U00416,Matthew Nguyen,ychase@example.org,34,Port Benjaminport
U00417,Patrick Mason,blakehernandez@example.net,30,West Sharon
U00418,Tonya Boyle,jim66@example.org,31,West Billy
U00419,Jennifer Williams,zwalker@example.com,43,Lake Adamland
U00420,Ryan Kennedy,robert37@example.com,46,Port Emilyland
U00421,Cory Gonzales,hernandeztony@example.com,37,North Jacob
U00422,Scott Brock,laura09@example.org,58,Donnaton
U00423,Andrea Ramos,ramosstanley@example.org,21,Lisaberg
U00424,Alexandra Rodriguez,smalone@example.com,22,Lake Linda
U00425,Mallory Patton,jeremy55@example.net,35,Chanburgh
U00426,Julie Bell,lori18@example.com,38,Leonardfort
U00427,Eugene Browning,rnewman@example.com,23,Lake Lindaland
U00428,Jennifer Moore,adamsscott@example.com,47,South Teresahaven
U00429,Mark Crawford,ohayes@example.org,20,East Jeremybury
U00430,James Singh,darrenbaker@example.com,29,Jasonville
U00431,Jacqueline Wilson,tiffany77@example.net,45,Amandamouth
U00432,Alejandro Romero,april82@example.net,36,Brandonview
U00433,Nicholas Hoffman,brianbarron@example.org,53,North Janicefort
U00434,Lisa Chapman,tinabrown@example.net,39,Andreamouth
U00435,Michele Evans,wolfewilliam@example.org,44,Chrisville
U00436,Brittany Lewis,cynthialee@example.net,46,North Heather
U00437,David Porter,steven13@example.net,48,Lake Randyberg
U00438,Kara Mason,melissa24@example.org,60,New Lisa
U00439,Carl Jones,meredithaguilar@example.net,40,West Melanie
U00440,Dustin Williams,xwilson@example.net,25,Barbarafurt
U00441,Thomas Sandoval,hallrandall@example.com,32,Angelamouth
U00442,Julian Reeves,foxmathew@example.net,43,Mirandaside
U00443,Kathy Foley,julie71@example.net,23,Ralphton
U00444,Emily Ryan,fblake@example.net,41,Ericksonbury
U00445,Darren Holt,katelyn42@example.com,36,Lake Gregoryfurt
U00446,Jennifer Taylor,steven76@example.org,18,Port Adam
U00447,Bruce Morris,perezchad@example.net,24,Mccoyfort
U00448,Kevin Johnson,xjohnson@example.com,50,Port Charlesbury
U00449,Roberto Guzman,james66@example.org,33,West Cindybury
U00450,George Aguilar,ryan10@example.net,26,Roberttown
U00451,Thomas Davis,donald94@example.net,52,Olsenshire
U00452,Ashley Howard,whitney02@example.net,51,Duncanport
U00453,Elizabeth Long,justinrogers@example.net,57,Port Matthewshire
U00454,Kimberly Myers,samanthabeard@example.net,45,North Andrew
U00455,Max Jackson,fross@example.net,32,North Georgeland
U00456,Mrs. Susan Montes,andrew58@example.org,42,Rivasberg
U00457,Drew Scott,christopherosborne@example.org,25,Port Christophermouth
U00458,Bryan Smith,joefisher@example.net,30,West Maurice
U00459,Virginia Young,danielle88@example.net,59,Faulknerfurt
U00460,Seth Scott,dallen@example.org,59,Katieview
U00461,Jessica Johnson,clarkmichelle@example.net,36,New Aaron
U00462,Kathy Williams,kimberly85@example.net,36,West Peterfort
U00463,Katherine Price,howardmichelle@example.net,50,Amberview
U00464,Belinda Boone,gmcbride@example.org,44,South Jerryhaven
U00465,Stephen Norton,kmora@example.com,36,Anthonyhaven
U00466,Timothy Petersen,hlloyd@example.net,45,East Tracy
U00467,Robert Sherman,vmedina@example.net,56,Joelland
U00468,Stephen Martinez,leachsheila@example.net,20,Powellview
U00469,Regina Scott,darryl88@example.net,44,West Kennethtown
U00470,Michael Oneal,fullerandre@example.org,33,Jacobburgh
U00471,Ryan Hernandez,vwise@example.com,60,Seanchester
U00472,Todd Johnson,kennethnguyen@example.org,44,Scottside
U00473,Christopher Estrada,franciscomahoney@example.com,53,Port Elizabethfort
U00474,Carlos Swanson,phyllisking@example.net,24,Smithbury
U00475,Jessica Woodard,glogan@example.com,43,New Michael
U00476,Kaitlyn Mason,matthew95@example.com,39,Mitchellmouth
U00477,Eric Dickerson,george58@example.net,55,East Lori
U00478,Carmen Poole,jvelazquez@example.com,58,South Pedro
U00479,Michelle Ramos,josephmccarty@example.com,48,Millsside
U00480,Linda Hernandez DDS,ulynch@example.org,23,South Tanyashire
U00481,Stephanie Jones,johnsonmichael@example.net,18,Johnborough
U00482,Stephanie Sanchez,robert01@example.net,59,North Nicoleshire
U00483,Edward Leach,alvinholloway@example.com,57,Matthewville
U00484,Johnny Maxwell,dbrown@example.com,58,South Jessica
U00485,Amanda Gaines,costarebecca@example.com,42,Jeffreyland
U00486,Patty Reed,ramosmartha@example.com,54,Lake Megan
U00487,Corey Brown,vasquezchristopher@example.net,47,Campbellhaven
U00488,Antonio Miller,heatherfarrell@example.net,45,East Andrew
U00489,Robin Mccullough,williamssusan@example.net,22,North William
U00490,Robyn Horne,jamesvega@example.org,21,Leeview
U00491,Kyle Rollins,gonzalezsamuel@example.org,32,New Josephtown
U00492,Dwayne Ramos,qsmith@example.org,33,Lake Matthew
U00493,Dana Miller,richard55@example.net,55,Jasonside
U00494,Tammy Waters,johnsondustin@example.org,32,South Meganshire
U00495,Joshua Espinoza,boydmark@example.net,42,East Tony
U00496,Cathy Harris,thomas60@example.net,40,New Thomas
U00497,Linda Dean,tamaradavis@example.org,19,Port Connie
U00498,Rachel Andrews,adam37@example.net,32,North Elizabeth
U00499,Michelle Coffey,hernandezjames@example.org,31,South Colton
U00500,Blake Ramirez,vroberts@example.org,43,Port Samanthaview
U00501,Ryan Duran,bzhang@example.com,33,West Pamela
U00502,Nicholas Alexander,samuel26@example.org,43,East Brent
U00503,Jason Brown,kevinward@example.net,35,Nancyfort
U00504,Yvonne Terry,sullivanrichard@example.com,42,Smithland
U00505,Susan Johnson,jessicanorman@example.org,42,New Regina
U00506,Tammie Williams,thompsonkaren@example.net,28,Lake Annabury
U00507,Marcus Young,fjackson@example.com,41,Jayton
U00508,Martin Bowman,barbaramartin@example.net,46,Danielside
U00509,Michael Wong,swalker@example.org,59,North Dominiqueside
U00510,Adrian Huynh,clarkkevin@example.com,43,Ashleyport
U00511,Christopher Alvarado,justin00@example.com,34,Timothyborough
U00512,Kristen Richardson,medinarobert@example.com,60,Lucaschester
U00513,Thomas Garner,ajohnson@example.org,27,Susanfort
U00514,Michelle Hill,cody75@example.com,36,South Daletown
U00515,Lisa Jensen,jordancrosby@example.net,20,North Max
U00516,Lindsay Nash,evansjonathan@example.com,27,Conniestad
U00517,Scott Smith,eric51@example.org,42,West Raymondview
U00518,Benjamin Thompson,obrienstacy@example.com,18,Walkertown
U00519,Sharon Baxter,donna54@example.com,40,Ronaldchester
U00520,Jonathan West,clarknicole@example.net,31,New Jeffreybury
U00521,Erika Morales,michael96@example.com,20,Port Nathanielmouth
U00522,Jacqueline Jones,mary05@example.com,43,Stevensshire
U00523,Carrie Jones,julia65@example.org,32,East Christinaside
U00524,Patricia Mckee,tstewart@example.org,57,Port Jennymouth
U00525,Dr. Justin Zimmerman MD,jeremy85@example.com,23,Bakerborough
U00526,Bianca Duffy,stephen84@example.com,51,Port Mary
U00527,Christopher Durham,zacharyjohnson@example.net,32,Port Gregoryhaven
U00528,Alexis Johnson,blake45@example.com,54,Romanstad
U00529,Maria Davis,ktaylor@example.net,48,Jeffreyshire
U00530,Robert Greene,barrettpaul@example.net,35,Lisaport
U00531,Jennifer Newman,walshchristian@example.com,41,East Anthonyside
U00532,Jason Meyer,wilsonjoel@example.net,27,East Reginaldburgh
U00533,James Phillips,stevenscindy@example.net,19,Johnsonport
U00534,Kaitlin Garcia,fgarcia@example.net,52,East Amy
U00535,Christine Andrews,schneiderdennis@example.com,35,Patelstad
U00536,Emily Monroe,oscarharrison@example.com,45,Annaborough
U00537,Kathryn Hart,rayamanda@example.com,48,Donaldborough
U00538,Andrew Harrison,grayjasmine@example.org,40,Myerschester
U00539,John Jackson,denisebrown@example.org,48,Allenland
U00540,Kevin Newman,kathrynhughes@example.org,29,Coryfort
U00541,Janet Wells,amanda23@example.com,35,Sanchezmouth
U00542,Anna Thomas,craig15@example.com,21,Johnsonton
U00543,Sandra Flynn,susangamble@example.com,59,East Kentville
U00544,Kenneth Cannon,oallison@example.com,25,East Laurenland
U00545,Cristina Smith MD,robert95@example.org,55,South Alison
U00546,Regina Clark,ckelly@example.net,44,Timothymouth
U00547,Daniel Andersen,michelleclark@example.com,55,North Brittany
U00548,Christine Bruce,qgross@example.org,31,Davidfurt
U00549,Mariah Nelson,rebekahgarcia@example.net,26,East Donaldmouth
U00550,Scott Leon,nataliemills@example.com,19,Port Jaymouth
U00551,Paul George,alexjuarez@example.org,57,Rebeccabury
U00552,Douglas Smith,gleblanc@example.org,24,Jimmyside
U00553,Michael Erickson,hgutierrez@example.com,19,West Heidi
U00554,Matthew Smith,montgomerychad@example.com,39,East Lisa
U00555,Brian Frank,andrea79@example.net,44,New William
U00556,Amy Brown,nkelly@example.net,41,Wagnerland
U00557,Lisa Wang,dtrujillo@example.org,59,New Jamesside
U00558,Heather Underwood,joseph37@example.net,24,Brendatown
U00559,Jacob Mcgee,perezmariah@example.org,50,Port Jennifer
U00560,Mr. James Thomas,nicholas27@example.net,48,New Michelle
U00561,Holly Caldwell,michellecrawford@example.net,58,Sarahburgh
U00562,Eric Lee,harringtonmackenzie@example.net,51,Nicholefurt
U00563,Troy Jones,phillip69@example.com,21,West Sarahmouth
U00564,Richard Walker,kevin16@example.net,36,New Tina
U00565,Joshua Arnold,victoria19@example.com,21,East Michael
U00566,Noah Clark,thomas34@example.com,53,North William
U00567,Eric Christensen,ray10@example.net,31,West Justinborough
U00568,Benjamin Ponce,zachary69@example.org,50,Port Danielleville
U00569,Jasmine Webb,keith01@example.org,23,Zacharyshire
U00570,Dr. Kimberly Harris,arobinson@example.org,24,Lake Michelleton
U00571,Annette Mcguire,alicia18@example.net,40,North Brandon
U00572,Katie Phillips,williamray@example.org,49,Smithshire
U00573,Sheila Petersen,rwalters@example.net,35,Lake Lisa
U00574,Taylor Fowler,tracy03@example.org,33,Sarahtown
U00575,Jonathan Peters,robert38@example.net,36,North Maxstad
U00576,Emily Wong,ycarr@example.net,26,South Charles
U00577,Pamela Rodriguez,schaeferdonald@example.net,20,Lake Stephanieshire
U00578,Christine Griffith,wgallagher@example.org,47,Lisaberg
U00579,Christopher Rose,millerlawrence@example.com,42,New Keith
U00580,Amy Page,sarahfisher@example.net,58,Matthewside
U00581,Ross Davies,kellydavies@example.com,36,New Alexanderchester
U00582,Sara Martinez,cynthiaosborn@example.com,24,Lake Michaelshire
U00583,Linda Henderson,amy20@example.org,27,Hunterberg
U00584,Natasha Fisher,carlsoneric@example.org,25,West Davidtown
U00585,Mckenzie Allen,nwiggins@example.net,21,East Anna
U00586,Catherine Bass,courtney54@example.net,27,Fieldsmouth
U00587,Jeffrey Davis,adriandiaz@example.com,49,Port Annaborough
U00588,Lynn Smith,anthony50@example.org,57,Harrisfurt
U00589,Jessica Petersen,adam01@example.com,41,Sarahstad
U00590,Rebecca Mccann,jessica95@example.com,49,Sarahfort
U00591,Eric Brooks,jhill@example.com,30,West Jesse
U00592,Stephanie Simon,woodardmicheal@example.org,48,Kevinburgh
U00593,Scott Chen,michael22@example.com,20,Diazborough
U00594,Christopher Bishop,crystal15@example.net,39,Longton
U00595,William Crawford,fcase@example.net,58,South Eric
U00596,Maurice Schmidt,jacobdavenport@example.net,22,New Nicholas
U00597,Kristi Bell,rchan@example.com,52,Johnsonmouth
U00598,Mrs. Teresa Stone,davidgordon@example.org,56,Prattbury
U00599,Jason Rodriguez,tina93@example.com,41,Port Beth
U00600,Matthew Choi,kimberlybonilla@example.net,21,Charlesfurt
U00601,Sandra Strickland,lorraine40@example.com,54,Whiteburgh
U00602,Rebecca Lowe,tracitaylor@example.org,39,East Jeffrey
U00603,Amy Campbell MD,samuel43@example.com,19,Olsonbury
U00604,Rodney Frazier,jennifermurphy@example.org,30,Port Nicoleview
U00605,Timothy Gonzales,tnelson@example.com,38,Lake Savannah
U00606,Jennifer Moore,walkerdanielle@example.org,43,Ryanburgh
U00607,Mr. Terry Warren,dillonwaters@example.net,38,Parksville
U00608,Danielle Davidson,owang@example.com,52,Lake Jose
U00609,Sharon Melton,adammartinez@example.net,55,West Edward
U00610,Stephanie Yates,ptaylor@example.net,45,Rodgersberg
U00611,Travis Anderson,bernardstanley@example.net,56,Timothyland
U00612,Courtney Reed,duncanjerry@example.net,28,Coleland
U00613,James Schultz,justinsparks@example.net,20,West Jeffrey
U00614,John Garcia,douglas91@example.org,42,Lake Kristifurt
U00615,Ryan Robinson,tcraig@example.net,18,Georgeberg
U00616,Stacey Madden,sandovaldana@example.org,26,Rebeccamouth
U00617,Lisa Cooper,barryallen@example.org,45,Michaelton
U00618,Carl Butler,thomas61@example.com,32,South Danieltown
U00619,Kevin Hernandez,john02@example.org,49,Jamesbury
U00620,Christopher Wright,christopher59@example.net,42,New Melissa
U00621,Tammy Peters,zbaker@example.org,26,East Elizabeth
U00622,Tammy Holland,garcianicholas@example.net,21,New Gregfort
U00623,Dana Mejia,qhancock@example.org,30,East Roberto
U00624,Joan Hines,mcruz@example.org,47,Port Lisaview
U00625,Brandon Smith,ryan61@example.net,20,Martinezstad
U00626,Desiree Lopez,webbterry@example.org,37,Rossshire
U00627,Heather Andrade,kristireynolds@example.com,54,Kelseyburgh
U00628,Richard Fox,mendozachristopher@example.net,51,New Johnchester
U00629,Brian Mercado,jennifer71@example.com,57,North Victoria
U00630,Susan Barker,barronandrew@example.com,24,Port Lisaberg
U00631,Patrick Wise,trevor12@example.com,20,Michaelshire
U00632,Michael Robinson,ibarnett@example.net,49,Lake Larry
U00633,Kimberly King,christophermiller@example.net,50,East Robert
U00634,Matthew Carr,ikrueger@example.com,38,South Alexander
U00635,Lucas Logan,lorimccarthy@example.com,46,Charlesport
U00636,Kristin Lee,marioschaefer@example.net,21,Port Valerie
U00637,Leslie Nunez,gwilliams@example.net,43,Baldwinstad
U00638,Devin Newton,stephanie87@example.com,60,North Charles
U00639,Mark Doyle,jackieleon@example.net,46,Strongside
U00640,Tracy Kelley,helen35@example.com,53,Phillipview
U00641,Kimberly Morris,ashley74@example.com,54,Troytown
U00642,Denise Wiley,grosstara@example.org,55,Port David
U00643,Tracy Cline,carrie15@example.org,27,New David
U00644,Bailey Woodward,cynthiaparrish@example.net,18,Dianaport
U00645,Robert White,reynoldsbeverly@example.net,49,West Karenbury
U00646,Lisa Grimes,ronald58@example.com,37,Andersonport
U00647,Daniel Montoya,obell@example.org,25,Port Jenniferburgh
U00648,Andrea Smith,sanderstara@example.org,50,Moorebury
U00649,Kevin Hayes,ashley49@example.com,59,Donnaborough
U00650,Debra Baker,pauldavid@example.com,41,New Codyberg
U00651,Linda Peters,brownwilliam@example.org,38,Port Joeborough
U00652,Michael Solomon,jasmine36@example.org,27,Torresland
U00653,Justin Walker,kaiseramy@example.com,50,Ashleychester
U00654,Jamie Nguyen,stephaniemcbride@example.org,49,Yangmouth
U00655,Suzanne Young,brian85@example.net,53,Ruthberg
U00656,Elijah Thompson,jhernandez@example.com,56,New Justinbury
U00657,Robert Church MD,gonzalezangela@example.com,18,Schneiderstad
U00658,Ryan Peters,annetteporter@example.org,35,Clarktown
U00659,Edward Silva,daniel25@example.org,25,Lake Kennethfurt
U00660,Brenda Chandler,jessica20@example.com,29,Michaelfurt
U00661,Joseph Vargas,thomaswolfe@example.net,26,Sarahmouth
U00662,Kelly Gonzalez,whoward@example.com,60,North Peggy
U00663,Richard Miles,crystalgraham@example.org,26,Michaelbury
U00664,Michele Jackson,paul14@example.com,57,Port Richardchester
U00665,Dennis Ashley,kcarlson@example.org,53,East Karenton
U00666,Sharon Martin,gsmith@example.com,18,Mistystad
U00667,Sarah Butler,jacob95@example.org,44,Port Belinda
U00668,Cesar Abbott,randallmcmillan@example.org,32,Port Susanfort
U00669,Kristina Martin,corteztiffany@example.com,30,East Joshua
U00670,David Finley,jessica92@example.org,21,Lake Amberborough
U00671,Lynn Castaneda,kristin72@example.net,59,Kristinberg
U00672,Curtis Parker,mullinschristopher@example.org,57,West Jenniferhaven
U00673,Rachel Morales,jclark@example.org,48,East Todd
U00674,Victor Gonzalez,ypatterson@example.com,47,Amandatown
U00675,Rebecca Middleton,fmcgee@example.org,51,Melanieshire
U00676,Gregory Hunter,palmerjohn@example.com,60,Lake Edward
U00677,Thomas Reese,torresjeanette@example.com,20,Port Mary
U00678,Laura Page,uhart@example.net,20,East Danielle
U00679,Mark Robinson,vromero@example.org,45,Port Willieborough
U00680,Eric Griffith,smithbrandy@example.net,34,Lake Brian
U00681,Jesse Young,richardklein@example.net,39,Brendamouth
U00682,Nicholas Campbell DVM,hdavis@example.net,56,New Antonio
U00683,Tonya Walters,heather46@example.net,39,Snyderfort
U00684,Tammy Cantrell,derrickhorn@example.com,45,Andersonbury
U00685,Samuel Fisher,christopherstevens@example.org,30,West Edward
U00686,Autumn Harrison,tamararussell@example.org,60,East Jonmouth
U00687,Jonathan Lewis,bennettemily@example.com,18,Lutzmouth
U00688,Tina Meyer,amycardenas@example.org,27,Pruitthaven
U00689,Donna Stevens,martinjason@example.net,21,Jeffreystad
U00690,Michael Bonilla,bryan03@example.org,57,Williamsstad
U00691,Alexander Hamilton,kathystark@example.com,53,Donnaberg
U00692,Patricia Campbell,colleenware@example.net,54,Jenniferbury
U00693,Stephen Page,kchavez@example.net,23,Kellertown
U00694,Allison Allen,danielgonzalez@example.com,26,Susanchester
U00695,William Ware,thompsonelizabeth@example.org,58,New Elizabeth
U00696,Matthew Baxter,lisawatts@example.net,55,Ashleybury
U00697,Ashley Kirk,carlaingram@example.com,21,South Bobbychester
U00698,Stephanie Nelson,felicia56@example.net,39,Thomasport
U00699,Benjamin Cardenas,misty71@example.net,36,New Tammy
U00700,Sarah Bailey,joseramos@example.com,49,Port Justin
U00701,Amanda Lindsey,yjordan@example.com,18,New Janet
U00702,Dana Ramos,jessecooper@example.com,39,Michaelton
U00703,Catherine Gonzalez,blakecarla@example.com,27,Eduardotown
U00704,Ryan Hubbard,meltonjacqueline@example.com,38,Hawkinsshire
U00705,Ana Long,gchapman@example.org,35,Port Melindamouth
U00706,Carrie Jimenez,tonyafox@example.net,59,Grayborough
U00707,Nicole Pruitt,larrysimmons@example.net,34,Lake Brandonview
U00708,Shelby Lopez,nancy51@example.net,38,Taylorburgh
U00709,Thomas Chang,qhorn@example.org,29,Port Sethbury
U00710,Ms. Kimberly Taylor,smiranda@example.com,32,Port Victorland
U00711,Diana Contreras,michelle72@example.org,50,Monicaport
U00712,Stephanie Archer,wattsjean@example.net,57,North Teresaville
U00713,Gregory Estes,kaylaperez@example.com,23,North Brian
U00714,Michael Nguyen,drakefrank@example.net,47,Rickyfort
U00715,Charles Ellison,gfisher@example.org,38,West James
U00716,Lori Morales,doughertyregina@example.net,32,Tyroneberg
U00717,Cynthia Parker,wsummers@example.net,33,Deanburgh
U00718,Kelly Browning,kevin37@example.com,36,Sharonfort
U00719,Brent Martin,watsonhailey@example.com,50,East Dennischester
U00720,Willie King,vazquezlisa@example.net,29,Stephanieborough
U00721,Connie Adams,ipena@example.com,58,Moranshire
U00722,Shawna Perez,jzimmerman@example.com,40,Maryton
U00723,Anthony Barajas,cassandra67@example.com,46,Rogersland
U00724,Jeffrey Smith,megan55@example.com,31,North Brittany
U00725,Christopher Hall,kevinporter@example.org,56,New Jennifertown
U00726,Tammy Adams,ryan23@example.net,21,Aaronberg
U00727,Julie Wilcox,jroberts@example.net,59,Johnhaven
U00728,John Moore,zpreston@example.com,51,Jonathanburgh
U00729,Marissa Schmidt,newmankrystal@example.net,19,Danielmouth
U00730,Aaron Rivera,armstrongmonica@example.net,27,Brianport
U00731,Nicole Carpenter,paulwebb@example.com,36,Port James
U00732,Juan Love,adavis@example.org,31,East Victor
U00733,Brandon Wilson,scott21@example.net,26,Nguyentown
U00734,Patrick Shaw,dunnalice@example.com,34,North Darius
U00735,Scott Green,carriedavis@example.net,55,Lake Danieltown
U00736,Andrew Norton,ethan37@example.org,36,Evansborough
U00737,Philip Graves,pyoung@example.org,31,Kirkmouth
U00738,Brittney Hernandez,courtney19@example.net,40,East Charlesshire
U00739,Tracy Clements,clarkrachael@example.net,46,Loganside
U00740,Jessica Brock,schultzdaniel@example.com,50,Davistown
U00741,Edward Schmitt,robertdunn@example.org,24,Brianland
U00742,Alan Charles,millercrystal@example.com,18,Palmershire
U00743,Kendra Curry,cindybrown@example.com,52,Lyonston
U00744,Craig Baker,courtneycarter@example.org,34,Russellchester
U00745,Angel Simmons,janewhite@example.org,29,New Alex
U00746,Vincent Collins,thomaslogan@example.com,46,Ramirezside
U00747,Sharon Berg,kimberly24@example.com,48,Lloydfort
U00748,Andre Williams,erikwilliams@example.com,60,Amberview
U00749,Patrick Jimenez MD,mcompton@example.org,53,East Charles
U00750,Wendy Waters,waynereid@example.net,42,East Paula
U00751,Kyle Colon,reedstephen@example.org,28,Pamelaville
U00752,Jesus Castillo,garnerruth@example.com,21,Lake Nicolechester
U00753,Randall Hill,blackkayla@example.org,59,Port Robertmouth
U00754,James Petersen,clarkwendy@example.com,22,South Patrick
U00755,Tyler Sloan,michael85@example.net,53,North Christina
U00756,Troy Castro,justinchapman@example.org,57,North Chelseaport
U00757,Debra Murphy,kevinlee@example.com,26,South Katrinaburgh
U00758,Karen Marsh,williampineda@example.com,32,Lake Tiffanystad
U00759,Rick Long,nmorales@example.org,18,Bowersview
U00760,Debra Walker,mcclainpatrick@example.net,52,Patrickton
U00761,Amanda Terry,bakermonica@example.net,51,West Ashley
U00762,Kimberly Lewis,ambermoore@example.org,32,Catherineborough
U00763,John Waters,chadferguson@example.com,22,Danielstown
U00764,Rebecca Barron,jeremyrobinson@example.com,60,Port Bernardborough
U00765,Donna Olson PhD,deleonchristina@example.org,28,Lowebury
U00766,John Anderson,mduncan@example.com,48,Beardtown
U00767,Martin Ellis,heather85@example.org,31,New Lisa
U00768,Ryan Jones,awheeler@example.com,59,Christophertown
U00769,Kathleen Parrish,patriciaclay@example.org,38,Jacksonbury
U00770,Hannah Ryan MD,edward51@example.com,23,Kellybury
U00771,James Carr,hdavidson@example.com,20,Port Kaylaside
U00772,Shawn Velazquez,kennethcastillo@example.org,22,Justinport
U00773,Christina Small,bthomas@example.com,40,Julieside
U00774,Melissa Kelly,ymartin@example.org,24,Christiantown
U00775,Jesse Jenkins,brittany53@example.org,30,South Edwardview
U00776,Julia Boyer MD,alexandercruz@example.org,23,Port Johnborough
U00777,Melissa Farmer,lori44@example.com,57,Kimberlychester
U00778,Jonathan Tucker,rturner@example.org,19,Port Denise
U00779,Matthew Jacobs,whitemichelle@example.net,38,Kristichester
U00780,Johnny Walter,mullenjose@example.net,30,Port Dylanburgh
U00781,Adam Costa,whiteduane@example.net,48,Cliffordchester
U00782,Veronica Roberts,alexispatel@example.org,40,Port Javier
U00783,David Mclaughlin,nguyenjackie@example.com,59,Moodybury
U00784,Sharon Olson,hlewis@example.net,60,Port Bobbyfort
U00785,Madison Jenkins,andrew06@example.org,59,Norrisbury
U00786,Donna Hernandez,gainesethan@example.net,22,South Allison
U00787,Megan Brown,shawnhill@example.org,41,Glassburgh
U00788,Christina Estrada,scottnolan@example.net,58,Williamfort
U00789,Jason Lopez,gilbertjessica@example.com,52,South Nicholasstad
U00790,Tina Brooks,mcgrathbianca@example.net,60,Bushview
U00791,Tonya Lee,ashley82@example.org,22,Mclaughlinmouth
U00792,Kim Tran,ywalker@example.net,27,East Brooke
U00793,Edward Chang,martinezashley@example.com,56,Davidstad
U00794,Jessica Garcia,wattssarah@example.net,20,Paulhaven
U00795,Greg Alexander,santosmichelle@example.org,22,Sarahport
U00796,James Carpenter,jamesmason@example.net,18,New Natalie
U00797,Sabrina Robinson,morrowlindsay@example.org,20,Maciasberg
U00798,Marc George,natashawatson@example.net,19,Newmanside
U00799,Joy Lee,brian66@example.com,40,Travisfort
U00800,Julia Smith,claudia24@example.com,30,New Shelby
U00801,Allison Grimes,dawnmoreno@example.com,57,Curtischester
U00802,Nathan Gonzales,colleenthornton@example.net,30,West Bryantown
U00803,Patrick Russell,harrismaria@example.org,50,Jonesport
U00804,Briana Huff,brianna86@example.net,55,Port Lisa
U00805,Lisa Ramirez,ostafford@example.org,56,Port Louis
U00806,Barbara Leonard,thomasadams@example.net,40,Ashleyport
U00807,Jennifer Grant,kleinrachel@example.net,20,Tammyberg
U00808,Erik Contreras,elliottbrian@example.org,58,Zacharyborough
U00809,Natasha Hughes,blackburnmegan@example.com,27,East Max
U00810,Matthew Beltran,mcguiretimothy@example.org,52,North Cheryl
U00811,David Carter,robert11@example.net,27,South Phillipborough
U00812,Donna Kelly,stephen39@example.org,32,Carterview
U00813,Ryan Andrews,hutchinsonadam@example.org,58,Dawnborough
U00814,Peter Butler,xcurtis@example.net,35,Robertton
U00815,Hannah Tapia,michaeljennings@example.org,27,Lake Shannonstad
U00816,Sarah Raymond,deborah65@example.com,56,Port Melindamouth
U00817,Adam Gates,powersjames@example.com,26,Port Laurenstad
U00818,Jennifer Massey,christine13@example.net,42,West Cynthia
U00819,Samuel Dominguez,williskathy@example.org,51,Port Samantha
U00820,Megan Parker,albertjackson@example.com,59,Jonesberg
U00821,Wendy Stewart,tommyroberts@example.org,37,Nathanview
U00822,Tom Boyd,hernandezdonna@example.org,33,Lake Lori
U00823,Mr. Andrew Small Jr.,ashleyramirez@example.com,42,Wilsontown
U00824,Barbara Garcia,ifleming@example.com,35,New Catherine
U00825,Nicole Thompson,nmcdowell@example.com,18,Jonathanhaven
U00826,Victor Henry,aaron54@example.net,32,East Jeff
U00827,Kevin Bridges,josephdoyle@example.net,36,Kathyport
U00828,Kenneth Lane,qharris@example.net,22,New Jessicashire
U00829,Jonathan Rodriguez,twilson@example.org,20,Morristown
U00830,Nathaniel Meyer,davidrobinson@example.net,29,South David
U00831,Jordan Willis,ajackson@example.org,22,Latoyachester
U00832,Jeffrey Barrett,webbemma@example.org,22,West Andreaview
U00833,Dana Edwards,kimberly12@example.com,40,Brownbury
U00834,Frank King,suzannegreen@example.net,41,Angelaburgh
U00835,Dakota Lee,jtrujillo@example.org,24,West Alexander
U00836,Mark Wong,lewisdonald@example.org,38,Allenmouth
U00837,Danielle George,dianali@example.org,31,Robinstad
U00838,Kelly Elliott,alexander78@example.com,48,Lopezfort
U00839,Glenn Jennings,ycarpenter@example.com,27,North Michaelhaven
U00840,Joshua Richards,michaelwright@example.org,60,Jasminside
U00841,Christopher Soto,ruizjoshua@example.com,40,New Mollystad
U00842,Mrs. Linda Morales,jessicakent@example.net,18,Lake Danstad
U00843,Loretta Parker,jenniferperez@example.com,21,North Allison
U00844,Phillip Cherry,jonesalexander@example.com,59,Johnsonmouth
U00845,Isaiah Warren,dmiller@example.com,39,East Robert
U00846,Paul King,melinda42@example.net,52,East Katherinehaven
U00847,Mark Leonard,brenda22@example.net,60,Robertside
U00848,Veronica Coleman,eflores@example.net,18,Port Michelle
U00849,Abigail Dougherty,lori31@example.org,39,Fisherborough
U00850,Cody Murphy,ajones@example.com,52,West Paulaland
U00851,Stacy Gilmore,bsilva@example.org,42,Robertmouth
U00852,Daniel Barnes,antoniomann@example.org,40,Carolineburgh
U00853,Melissa Jones,stephanie47@example.org,52,New Christopher
U00854,Tiffany English,vbaker@example.net,47,South Timothyberg
U00855,Kenneth Rich,blake99@example.com,23,Port Daniel
U00856,Stanley Page,christopher67@example.net,59,Ginashire
U00857,Alyssa Curtis,adamhawkins@example.net,35,Lunaburgh
U00858,Jennifer Valenzuela,frederickjackson@example.org,23,South Walterberg
U00859,Kevin Mcclure,pdiaz@example.org,43,Lake Janeburgh
U00860,Veronica Ramirez,richardhill@example.com,50,Jasonberg
U00861,Joshua Meadows,cynthiamedina@example.com,48,New Robertoberg
U00862,Austin Roberts,fnash@example.com,38,Erinview
U00863,Mackenzie Simon,cervantesdeanna@example.org,50,North Bradleystad
U00864,Thomas Bradshaw,laura02@example.com,31,Nicholasfort
U00865,Pamela Carter,juanrussell@example.net,57,New Steven
U00866,Julie Guzman,qwebb@example.net,35,East Ericfort
U00867,Justin Klein,gabrielcole@example.org,18,Whitestad
U00868,Scott Bell,dryan@example.com,18,Port William
U00869,Emma Garza,fernandosantos@example.net,31,Jefferyland
U00870,Daniel Armstrong,jenny31@example.net,47,Katiebury
U00871,Paul Allen,zrussell@example.net,47,Port Patrickville
U00872,James Gregory,joshua23@example.net,24,East Kyle
U00873,Melissa Middleton,sheila68@example.net,34,Lake Kimberly
U00874,Tiffany Ramirez,williamssharon@example.org,23,Janetville
U00875,Christine Castaneda,lyonsstephen@example.org,37,Port Geoffreyberg
U00876,Keith Rose,chasepatterson@example.org,19,South Stefanieland
U00877,Dalton Bishop,ahill@example.org,30,Garciaville
U00878,Johnny Francis,amy78@example.com,46,North Melanieshire
U00879,William Roberts,michael15@example.net,37,Lake Sergioborough
U00880,Katie Jackson,perkinsjennifer@example.com,19,Ramirezville
U00881,Jonathan West,jennypierce@example.org,51,New Samantha
U00882,Daniel Valdez,allenryan@example.org,54,North Timothymouth
U00883,Kirk Gonzalez,ahartman@example.com,37,South Nathan
U00884,Tammy Hoover,sandersjudy@example.org,52,Peterland
U00885,Anita Wheeler,thomas21@example.net,29,West Todd
U00886,Elizabeth Mcpherson,adamsmatthew@example.org,57,Wolfside
U00887,Raymond Mason,gary44@example.net,57,Marissaborough
U00888,Tony Cook,patrickboone@example.net,24,South Johnport
U00889,William Mccoy,scottjohn@example.net,22,Lake Rachel
U00890,Michael Tucker,sharonroberson@example.org,50,East Josephport
U00891,Caitlin Pierce,ryanchelsea@example.net,59,Garciachester
U00892,Michelle Gomez,susan07@example.net,22,Ericstad
U00893,Brian Hicks,torresmatthew@example.org,34,East Marcia
U00894,Sean Hayes,phillip79@example.org,22,South Yvonne
U00895,Jessica Jordan,jason46@example.org,23,Lisabury
U00896,Carly Baker,joe19@example.com,34,Lake Brandonbury
U00897,Lisa Frye,saraknight@example.net,59,Kington
U00898,Amanda Ramirez,christinahughes@example.com,27,Justinborough
U00899,Steven Dillon DDS,barbara78@example.net,36,Leechester
U00900,Jorge Gonzales,michaelallen@example.com,33,West Tammy
U00901,Carmen Blair,owilson@example.com,43,Pattersonmouth
U00902,Angel Bruce,samuel61@example.com,56,Callahanhaven
U00903,John Castillo,austinrose@example.net,34,West Cindyton
U00904,Monica Phillips,jameskeith@example.net,22,South Danville
U00905,Monica Kim,crystal08@example.com,49,Smithton
U00906,Austin Hunt,youngjennifer@example.net,24,West Stevenberg
U00907,Rachael Downs,gmitchell@example.org,39,Ericstad
U00908,Erika Riley,psmith@example.org,44,West Kariborough
U00909,Robert Hernandez,pmoore@example.com,57,Elizabethtown
U00910,Sheila Davis,perrykristen@example.org,27,North Joshua
U00911,Tammie Carrillo,bcalhoun@example.org,47,Olsonstad
U00912,Katherine Velazquez,louis79@example.org,56,Clarkton
U00913,William Strong,jasmine45@example.org,39,Jasonburgh
U00914,Robert Cole,dyergene@example.org,57,Jimmystad
U00915,Cynthia Peterson,tuckeralexandra@example.org,52,Scottstad
U00916,Neil Crawford,wayne66@example.net,25,Melissastad
U00917,Gilbert Freeman,jbryant@example.com,31,West Christybury
U00918,Tiffany Thomas,gflynn@example.net,20,Port Melvin
U00919,Catherine Lewis,jeremy71@example.net,28,Brooketown
U00920,Melissa Hart,ibryan@example.net,18,Franciscotown
U00921,Ashley Phillips,rebeccajohnson@example.com,25,Port Jacquelineland
U00922,Taylor Cunningham,riverajoshua@example.net,46,Lunaview
U00923,Michael Evans MD,jesse67@example.com,44,Petersport
U00924,Danielle Cole,reevesdonna@example.net,36,Stevenfort
U00925,Antonio Bennett,connorgreen@example.org,47,East Gregoryshire
U00926,Patricia Stephenson,tiffanygarcia@example.org,20,Lindseyton
U00927,Kathy Mclean,suzanne96@example.com,59,New Stephanie
U00928,Mary Humphrey,hendersonjack@example.org,19,Smallfurt
U00929,David Goodman,ycarpenter@example.net,47,West Amber
U00930,Christopher Edwards,alex16@example.org,59,Herringfort
U00931,Wendy Obrien,karenblack@example.net,52,Ortegaborough
U00932,Ryan Schmidt,xjohnson@example.com,53,West Charles
U00933,Kelly Murphy,logan38@example.net,35,North Haileyside
U00934,Jasmine Baird,david05@example.net,57,Rodriguezside
U00935,Zachary Reynolds,troyallen@example.org,39,Lopezfort
U00936,Rachael Gordon,ksavage@example.org,34,Caldwellhaven
U00937,Mary Lewis,mathisann@example.org,43,Sarahshire
U00938,Todd Ruiz,josephjohnson@example.org,24,Anthonymouth
U00939,Madeline Mcdonald,racheljones@example.net,26,South Richardstad
U00940,Denise Joseph,reginaldrichardson@example.org,49,Danielborough
U00941,Melissa Reyes,bradleyjames@example.org,60,Aaronbury
U00942,Nicole Trujillo,jerry70@example.org,24,North Jasmine
U00943,Susan Higgins,joshua10@example.com,41,North Williamtown
U00944,Suzanne Garza,alexisgreene@example.net,20,Lake Margaret
U00945,James Willis,xhuffman@example.org,60,Emilyville
U00946,John Hughes,zkemp@example.com,36,North Henry
U00947,Timothy Dodson,john23@example.org,27,Josephland
U00948,Stephen Holmes,ryoung@example.org,27,Martinside
U00949,Lisa Jones,edwarddalton@example.net,38,Westport
U00950,Desiree Martinez,joshua02@example.org,43,Michaelburgh
U00951,Bradley Munoz,peggymorrow@example.net,21,Yatesport
U00952,Mr. Eric Gray,cathy05@example.com,43,Burgessmouth
U00953,Nicholas Cowan,ericaschwartz@example.org,28,Pagemouth
U00954,Erica Morris,ujones@example.com,31,East Johnside
U00955,Richard George,conniemccoy@example.net,52,Lake Sylviabury
U00956,Jordan Obrien,michael79@example.com,49,New Angelafurt
U00957,Manuel Fuller,hoganpamela@example.org,42,Bakerside
U00958,Jason Farmer,blewis@example.net,41,Craigborough
U00959,Karla Nichols,allenrachel@example.com,26,North Crystalfort
U00960,Peter Wells,bowendiane@example.com,31,Port Travisberg
U00961,Jonathan Hancock,brian42@example.org,53,Russellland
U00962,Malik Miller,melissamorris@example.com,55,Port Jared
U00963,Kenneth Pratt,shawnsanchez@example.org,47,Cassandraland
U00964,John Schmidt,jenna56@example.org,55,Reedview
U00965,Tiffany Scott,mweaver@example.net,52,Benjaminhaven
U00966,John Barrett,wallacetony@example.net,20,Mckaystad
U00967,Raymond Thornton,jillianhayden@example.net,53,North Kenneth
U00968,Steven Monroe,ffrye@example.com,26,North Mary
U00969,Joshua Miller,brownyolanda@example.org,60,Samanthachester
U00970,Randall Gonzalez,ihernandez@example.net,18,Amyburgh
U00971,Johnny Mitchell,stewartrebecca@example.com,46,New Brandon
U00972,Nathan Anderson,tonyamarshall@example.net,47,North Shellyland
U00973,Jamie Hudson MD,lori61@example.com,48,Dylanchester
U00974,Mrs. Hannah Stanley,kelly99@example.com,38,Taylormouth
U00975,Mike Strickland,elizabeth47@example.com,59,North Zachary
U00976,Michael Peters,zwalters@example.org,53,South Jessica
U00977,Vanessa Perez,huffmanbeth@example.net,30,Gonzalesfort
U00978,Kelly Hubbard,tkaufman@example.org,49,East Frederick
U00979,Maria Mcfarland,clarkmichael@example.org,23,Andersonton
U00980,Debra Hunter,berrybrian@example.com,42,Port Stevenmouth
U00981,Robert Contreras,dawnhenry@example.net,30,Singletonfurt
U00982,Tina Watts,wallen@example.org,59,Pughfort
U00983,Taylor Stewart,erik82@example.com,27,Lewishaven
U00984,Holly Lang,christina07@example.org,56,Bennetthaven
U00985,Carol Dunn,anthony47@example.net,34,Charlesville
U00986,Eric Freeman,davidwalker@example.net,39,East Yolandahaven
U00987,James Terry,traviskristin@example.org,45,Lake Tiffanyfurt
U00988,Donald Jones,lawsongary@example.org,22,Michaelport
U00989,Robert Hernandez,james20@example.com,57,New Joshuaton
U00990,Alexis Holden,jackaguilar@example.com,35,Danielsside
U00991,Michael Parker,robert58@example.com,45,Rhodesville
U00992,Michael Carlson,bpierce@example.net,50,Lake Nicole
U00993,Jennifer Jones,sweber@example.com,34,Ryanfort
U00994,Sharon Baldwin,browncollin@example.org,58,South Katie
U00995,John Scott,johnnymclaughlin@example.net,36,Lisaside
U00996,Allen Vazquez,maryserrano@example.org,50,South Ellenport
U00997,Jeanette Williams,ucasey@example.org,24,Jessicamouth
U00998,David Hoffman,harveydenise@example.com,42,Johnstad
U00999,Donna Hicks,mark51@example.com,54,Lewisburgh
U01000,Mr. Nathan Harris,angie41@example.com,55,West Jamiechester
